{
  "type": "panel",
  "name": "Baidumap Panel",
  "id": "huizhong-baidumap-panel",

  "info": {
    "description": "Baidu Map panel for grafana. Displays time series data or geohash data from any datasource on a Baidu Map.",
    "author": {
      "name": "Hui Zhong",
      "url": "https://github.com/huizhong/"
    },
    "keywords": ["baidumap", "panel"],
    "logos": {
      "small": "images/baidumap_logo.png",
      "large": "images/baidumap_logo.png"
    },
    "links": [
      {"name": "Project site", "url": "https://github.com/huizhong/huizhong-baidumap-panel"},
      {"name": "MIT License", "url": "https://github.com/huizhong/huizhong-baidumap-panel/blob/master/LICENSE"}
    ],
    "version": "1.0.1",
    "updated": "2021-12-27"
  },

  "dependencies": {
    "grafanaDependency": ">=5.0.0",
    "plugins": [ ]
  }
}
